"id.age.sex.region.income.married.children.car.save_act.current_act.mortgage.pep"	"num"
"ID12101,48,FEMALE,INNER_CITY,17546,NO,1,NO,NO,NO,NO,YES"	1
"ID12102,40,MALE,TOWN,30085.1,YES,3,YES,NO,YES,YES,NO"	2
"ID12103,51,FEMALE,INNER_CITY,16575.4,YES,0,YES,YES,YES,NO,NO"	3
"ID12104,23,FEMALE,TOWN,20375.4,YES,3,NO,NO,YES,NO,NO"	4
"ID12105,57,FEMALE,RURAL,50576.3,YES,0,NO,YES,NO,NO,NO"	5
"ID12106,57,FEMALE,TOWN,37869.6,YES,2,NO,YES,YES,NO,YES"	6
"ID12107,22,MALE,RURAL,8877.07,NO,0,NO,NO,YES,NO,YES"	7
"ID12108,58,MALE,TOWN,24946.6,YES,0,YES,YES,YES,NO,NO"	8
"ID12109,37,FEMALE,SUBURBAN,25304.3,YES,2,YES,NO,NO,NO,NO"	9
"ID12110,54,MALE,TOWN,24212.1,YES,2,YES,YES,YES,NO,NO"	10
"ID12111,66,FEMALE,TOWN,59803.9,YES,0,NO,YES,YES,NO,NO"	11
"ID12112,52,FEMALE,INNER_CITY,26658.8,NO,0,YES,YES,YES,YES,NO"	12
"ID12113,44,FEMALE,TOWN,15735.8,YES,1,NO,YES,YES,YES,YES"	13
"ID12114,66,FEMALE,TOWN,55204.7,YES,1,YES,YES,YES,YES,YES"	14
"ID12115,36,MALE,RURAL,19474.6,YES,0,NO,YES,YES,YES,NO"	15
"ID12116,38,FEMALE,INNER_CITY,22342.1,YES,0,YES,YES,YES,YES,NO"	16
"ID12117,37,FEMALE,TOWN,17729.8,YES,2,NO,NO,NO,YES,NO"	17
"ID12118,46,FEMALE,SUBURBAN,41016,YES,0,NO,YES,NO,YES,NO"	18
"ID12119,62,FEMALE,INNER_CITY,26909.2,YES,0,NO,YES,NO,NO,YES"	19
"ID12120,31,MALE,TOWN,22522.8,YES,0,YES,YES,YES,NO,NO"	20
"ID12121,61,MALE,INNER_CITY,57880.7,YES,2,NO,YES,NO,NO,YES"	21
"ID12122,50,MALE,TOWN,16497.3,YES,2,NO,YES,YES,NO,NO"	22
"ID12123,54,MALE,INNER_CITY,38446.6,YES,0,NO,YES,YES,NO,NO"	23
"ID12124,27,FEMALE,TOWN,15538.8,NO,0,YES,YES,YES,YES,NO"	24
"ID12125,22,MALE,INNER_CITY,12640.3,NO,2,YES,YES,YES,NO,NO"	25
"ID12126,56,MALE,INNER_CITY,41034,YES,0,YES,YES,YES,YES,NO"	26
"ID12127,45,MALE,INNER_CITY,20809.7,YES,0,NO,YES,YES,YES,NO"	27
"ID12128,39,FEMALE,TOWN,20114,YES,1,NO,NO,YES,NO,YES"	28
"ID12129,39,FEMALE,INNER_CITY,29359.1,NO,3,YES,NO,YES,YES,NO"	29
"ID12130,61,MALE,RURAL,24270.1,YES,1,NO,NO,YES,NO,YES"	30
"ID12131,61,FEMALE,RURAL,22942.9,YES,2,NO,YES,YES,NO,NO"	31
"ID12132,20,FEMALE,TOWN,16325.8,YES,2,NO,YES,NO,NO,NO"	32
"ID12133,45,MALE,SUBURBAN,23443.2,YES,1,YES,YES,YES,NO,YES"	33
"ID12134,33,FEMALE,INNER_CITY,29921.3,NO,3,YES,YES,NO,NO,NO"	34
"ID12135,43,MALE,SUBURBAN,37521.9,NO,0,NO,YES,YES,NO,YES"	35
"ID12136,27,FEMALE,INNER_CITY,19868,YES,2,NO,YES,YES,NO,NO"	36
"ID12137,19,MALE,RURAL,10953,YES,3,YES,YES,YES,NO,NO"	37
"ID12138,36,FEMALE,RURAL,13381,NO,0,YES,NO,YES,NO,YES"	38
"ID12139,43,FEMALE,TOWN,18504.3,YES,0,YES,YES,YES,NO,NO"	39
"ID12140,66,FEMALE,SUBURBAN,25391.5,NO,2,NO,NO,YES,NO,NO"	40
"ID12141,55,MALE,TOWN,26774.2,YES,0,NO,NO,YES,YES,YES"	41
"ID12142,47,FEMALE,INNER_CITY,26952.6,YES,0,YES,NO,YES,NO,NO"	42
"ID12143,67,MALE,TOWN,55716.5,NO,2,YES,YES,NO,NO,YES"	43
"ID12144,32,FEMALE,TOWN,27571.5,YES,0,YES,NO,YES,YES,NO"	44
"ID12145,20,MALE,INNER_CITY,13740,NO,2,YES,YES,YES,YES,NO"	45
"ID12146,64,MALE,INNER_CITY,52670.6,YES,2,NO,YES,YES,YES,YES"	46
"ID12147,50,FEMALE,INNER_CITY,13283.9,NO,1,YES,YES,YES,NO,YES"	47
"ID12148,29,MALE,INNER_CITY,13106.6,NO,2,NO,YES,YES,YES,YES"	48
"ID12149,52,MALE,INNER_CITY,39547.8,NO,2,YES,NO,YES,NO,YES"	49
"ID12150,47,FEMALE,RURAL,17867.3,YES,2,YES,YES,NO,NO,NO"	50
"ID12151,24,MALE,TOWN,14309.7,NO,2,YES,YES,NO,NO,NO"	51
"ID12152,36,MALE,TOWN,23894.8,YES,0,NO,NO,NO,NO,NO"	52
"ID12153,43,MALE,TOWN,16259.7,YES,1,NO,YES,YES,NO,YES"	53
"ID12154,48,MALE,SUBURBAN,29794.1,NO,1,NO,YES,YES,NO,YES"	54
"ID12155,63,MALE,TOWN,56842.5,YES,0,NO,YES,YES,YES,NO"	55
"ID12156,52,FEMALE,RURAL,47835.8,NO,3,NO,YES,NO,NO,YES"	56
"ID12157,58,FEMALE,INNER_CITY,24977.5,NO,0,NO,NO,YES,NO,YES"	57
"ID12158,28,MALE,INNER_CITY,23124.9,YES,0,NO,YES,YES,NO,YES"	58
"ID12159,29,FEMALE,INNER_CITY,15143.8,YES,0,NO,NO,YES,NO,NO"	59
"ID12160,34,MALE,INNER_CITY,25334.3,NO,1,YES,YES,YES,YES,YES"	60
"ID12161,42,FEMALE,INNER_CITY,24763.3,YES,1,NO,YES,YES,YES,YES"	61
"ID12162,65,FEMALE,INNER_CITY,36589,NO,1,YES,NO,YES,NO,YES"	62
"ID12163,47,MALE,INNER_CITY,27022.6,YES,2,NO,YES,YES,NO,NO"	63
"ID12164,20,MALE,INNER_CITY,11700.4,YES,0,NO,YES,NO,NO,NO"	64
"ID12165,21,MALE,TOWN,5014.21,NO,0,YES,YES,YES,YES,NO"	65
"ID12166,42,MALE,INNER_CITY,17390.1,YES,0,NO,YES,YES,NO,NO"	66
"ID12167,19,MALE,TOWN,10861,NO,2,NO,YES,YES,NO,NO"	67
"ID12168,41,FEMALE,TOWN,34892.9,NO,0,NO,YES,YES,YES,NO"	68
"ID12169,30,MALE,TOWN,19403.1,NO,2,NO,YES,YES,NO,NO"	69
"ID12170,31,FEMALE,RURAL,10441.9,YES,2,NO,NO,YES,NO,YES"	70
"ID12171,25,MALE,INNER_CITY,14064.9,YES,3,YES,YES,YES,NO,NO"	71
"ID12172,21,MALE,INNER_CITY,8062.73,NO,0,NO,NO,YES,NO,YES"	72
"ID12173,36,MALE,INNER_CITY,31982,YES,3,YES,YES,YES,YES,YES"	73
"ID12174,58,FEMALE,INNER_CITY,23197.5,YES,2,NO,YES,NO,YES,NO"	74
"ID12175,64,FEMALE,INNER_CITY,52674,NO,2,YES,YES,YES,NO,YES"	75
"ID12176,59,FEMALE,RURAL,35610.5,NO,2,YES,NO,NO,NO,YES"	76
"ID12177,45,FEMALE,TOWN,26948,NO,0,NO,YES,YES,YES,NO"	77
"ID12178,61,MALE,INNER_CITY,49456.7,YES,1,YES,YES,YES,YES,YES"	78
"ID12179,30,FEMALE,INNER_CITY,14724.5,YES,0,YES,NO,YES,NO,NO"	79
"ID12180,58,FEMALE,TOWN,34524.9,YES,2,YES,YES,NO,NO,YES"	80
"ID12181,50,FEMALE,TOWN,22052.1,NO,3,NO,YES,YES,NO,YES"	81
"ID12182,30,MALE,INNER_CITY,27808.1,NO,3,NO,NO,YES,NO,NO"	82
"ID12183,29,FEMALE,INNER_CITY,12591.4,YES,1,NO,YES,YES,NO,NO"	83
"ID12184,35,MALE,INNER_CITY,16394.4,YES,1,NO,YES,YES,NO,YES"	84
"ID12185,62,MALE,INNER_CITY,24026.1,YES,0,NO,NO,YES,YES,YES"	85
"ID12186,36,MALE,INNER_CITY,31683.1,YES,1,YES,YES,YES,NO,YES"	86
"ID12187,25,FEMALE,INNER_CITY,15525,YES,0,NO,YES,YES,NO,NO"	87
"ID12188,66,FEMALE,TOWN,22562.2,NO,0,YES,YES,YES,YES,NO"	88
"ID12189,30,MALE,SUBURBAN,15848.7,YES,0,YES,YES,NO,YES,NO"	89
"ID12190,54,FEMALE,INNER_CITY,31095.6,YES,2,NO,NO,YES,NO,YES"	90
"ID12191,37,MALE,TOWN,24814.5,YES,1,YES,NO,YES,YES,YES"	91
"ID12192,28,FEMALE,INNER_CITY,25429.3,NO,2,NO,YES,YES,YES,NO"	92
"ID12193,53,FEMALE,RURAL,34866.5,NO,0,NO,NO,YES,NO,YES"	93
"ID12194,61,MALE,INNER_CITY,42579.1,YES,2,YES,YES,YES,NO,NO"	94
"ID12195,61,FEMALE,INNER_CITY,41127.4,YES,0,YES,YES,NO,NO,NO"	95
"ID12196,18,FEMALE,INNER_CITY,9990.11,YES,0,NO,YES,YES,NO,NO"	96
"ID12197,22,MALE,INNER_CITY,7948.62,YES,1,NO,NO,NO,YES,NO"	97
"ID12198,34,MALE,TOWN,30870.8,YES,2,YES,YES,YES,YES,YES"	98
"ID12199,35,FEMALE,INNER_CITY,12125.8,NO,2,NO,YES,YES,NO,NO"	99
"ID12200,18,FEMALE,RURAL,15348.9,YES,0,YES,NO,YES,NO,NO"	100
"ID12201,54,MALE,INNER_CITY,26707.9,YES,1,NO,YES,YES,YES,YES"	101
"ID12202,27,FEMALE,INNER_CITY,11604.4,YES,2,YES,YES,YES,NO,NO"	102
"ID12203,42,MALE,INNER_CITY,15499.9,YES,0,YES,NO,YES,YES,YES"	103
"ID12204,43,MALE,TOWN,33088.5,NO,0,NO,YES,YES,YES,NO"	104
"ID12205,64,FEMALE,INNER_CITY,34513.6,YES,1,NO,YES,YES,NO,YES"	105
"ID12206,43,MALE,TOWN,32395.5,YES,3,YES,YES,YES,NO,NO"	106
"ID12207,49,MALE,RURAL,46633,YES,0,YES,YES,NO,NO,NO"	107
"ID12208,23,MALE,INNER_CITY,13039.9,YES,0,NO,NO,YES,NO,NO"	108
"ID12209,23,MALE,INNER_CITY,12681.9,NO,0,NO,YES,YES,NO,YES"	109
"ID12210,30,FEMALE,INNER_CITY,24031.5,YES,2,YES,YES,YES,YES,NO"	110
"ID12211,36,MALE,TOWN,37330.5,NO,2,NO,YES,YES,NO,YES"	111
"ID12212,34,MALE,INNER_CITY,25333.2,YES,3,YES,NO,NO,YES,NO"	112
"ID12213,51,FEMALE,INNER_CITY,37094.2,YES,0,YES,NO,YES,NO,NO"	113
"ID12214,36,MALE,TOWN,33630.6,NO,2,YES,YES,YES,NO,YES"	114
"ID12215,56,MALE,INNER_CITY,43228.2,YES,1,YES,YES,YES,NO,YES"	115
"ID12216,54,FEMALE,INNER_CITY,47796.8,YES,0,NO,YES,YES,NO,NO"	116
"ID12217,56,FEMALE,TOWN,21730.3,YES,2,NO,YES,NO,NO,NO"	117
"ID12218,26,MALE,INNER_CITY,10044.1,YES,3,NO,YES,YES,YES,NO"	118
"ID12219,39,MALE,TOWN,17270.1,NO,0,YES,NO,NO,NO,YES"	119
"ID12220,64,FEMALE,RURAL,45765,YES,3,YES,YES,YES,NO,YES"	120
"ID12221,46,MALE,RURAL,29525.5,NO,2,NO,YES,NO,YES,NO"	121
"ID12222,62,FEMALE,RURAL,54863.8,YES,1,YES,YES,YES,NO,YES"	122
"ID12223,36,FEMALE,TOWN,20799,YES,1,NO,YES,NO,YES,YES"	123
"ID12224,35,FEMALE,RURAL,33028.3,NO,1,NO,YES,YES,NO,YES"	124
"ID12225,47,MALE,RURAL,45031.9,NO,3,YES,YES,NO,NO,YES"	125
"ID12226,47,MALE,INNER_CITY,39010.8,YES,2,NO,NO,YES,NO,YES"	126
"ID12227,37,FEMALE,TOWN,25257.7,YES,0,YES,YES,YES,NO,NO"	127
"ID12228,48,FEMALE,INNER_CITY,42603.9,YES,0,NO,YES,YES,NO,NO"	128
"ID12229,41,MALE,TOWN,14092.7,YES,3,YES,YES,YES,NO,NO"	129
"ID12230,27,FEMALE,RURAL,21350.3,NO,0,YES,YES,YES,NO,YES"	130
"ID12231,43,MALE,INNER_CITY,23246.4,NO,2,NO,NO,YES,NO,NO"	131
"ID12232,61,MALE,RURAL,41609.5,YES,3,NO,YES,YES,YES,NO"	132
"ID12233,52,FEMALE,SUBURBAN,16716.1,NO,2,YES,YES,YES,NO,NO"	133
"ID12234,64,FEMALE,SUBURBAN,36436.4,YES,0,YES,NO,YES,NO,NO"	134
"ID12235,66,FEMALE,TOWN,59503.8,YES,2,YES,YES,YES,YES,YES"	135
"ID12236,53,FEMALE,TOWN,31334.8,YES,1,YES,YES,YES,NO,YES"	136
"ID12237,20,FEMALE,INNER_CITY,14048.9,YES,2,YES,NO,YES,YES,NO"	137
"ID12238,57,FEMALE,INNER_CITY,39205.3,NO,0,NO,YES,YES,NO,YES"	138
"ID12239,65,FEMALE,RURAL,42173.9,YES,0,NO,YES,YES,NO,NO"	139
"ID12240,64,FEMALE,INNER_CITY,55263,NO,1,NO,YES,YES,NO,YES"	140
"ID12241,52,MALE,INNER_CITY,37095.2,YES,3,NO,YES,YES,NO,NO"	141
"ID12242,47,FEMALE,INNER_CITY,22791.4,YES,0,NO,NO,YES,NO,NO"	142
"ID12243,28,FEMALE,TOWN,17240.6,YES,1,YES,NO,NO,YES,NO"	143
"ID12244,64,MALE,TOWN,48974.8,YES,0,YES,YES,YES,YES,NO"	144
"ID12245,25,MALE,INNER_CITY,18923,YES,1,NO,YES,YES,NO,YES"	145
"ID12246,58,MALE,SUBURBAN,51204.2,YES,0,NO,YES,NO,YES,YES"	146
"ID12247,34,MALE,TOWN,20236.2,YES,2,YES,NO,YES,NO,NO"	147
"ID12248,20,FEMALE,INNER_CITY,18860.3,NO,2,NO,YES,YES,NO,NO"	148
"ID12249,63,MALE,RURAL,25732.5,YES,0,YES,YES,NO,NO,NO"	149
"ID12250,30,FEMALE,SUBURBAN,28240.4,YES,3,YES,YES,YES,NO,NO"	150
"ID12251,53,MALE,RURAL,28193.6,YES,1,YES,YES,YES,NO,YES"	151
"ID12252,43,MALE,TOWN,36432.8,NO,2,YES,NO,YES,NO,YES"	152
"ID12253,63,MALE,TOWN,54618.8,YES,2,NO,YES,NO,YES,YES"	153
"ID12254,33,MALE,INNER_CITY,24760.8,YES,1,NO,YES,YES,YES,YES"	154
"ID12255,41,MALE,RURAL,23356.1,NO,2,YES,NO,NO,NO,NO"	155
"ID12256,20,FEMALE,SUBURBAN,8143.75,YES,2,NO,YES,YES,NO,YES"	156
"ID12257,50,MALE,TOWN,26462.5,YES,0,YES,YES,YES,NO,NO"	157
"ID12258,24,MALE,RURAL,20467.3,YES,2,YES,YES,YES,NO,NO"	158
"ID12259,60,FEMALE,TOWN,21506.2,YES,0,NO,NO,YES,NO,YES"	159
"ID12260,44,FEMALE,TOWN,15315.3,YES,1,NO,YES,YES,NO,YES"	160
"ID12261,23,MALE,INNER_CITY,18875.7,YES,2,YES,YES,YES,NO,NO"	161
"ID12262,40,FEMALE,INNER_CITY,12977.2,YES,0,NO,NO,NO,NO,NO"	162
"ID12263,49,FEMALE,TOWN,20708.5,NO,3,NO,NO,YES,NO,NO"	163
"ID12264,21,FEMALE,TOWN,7549.38,NO,1,YES,NO,YES,NO,NO"	164
"ID12265,40,FEMALE,INNER_CITY,24904,YES,0,NO,NO,NO,NO,NO"	165
"ID12266,26,MALE,RURAL,24071.8,YES,1,NO,NO,YES,YES,YES"	166
"ID12267,20,MALE,TOWN,9589.91,NO,1,NO,YES,YES,YES,NO"	167
"ID12268,24,MALE,INNER_CITY,8562.86,NO,1,NO,NO,NO,YES,NO"	168
"ID12269,37,FEMALE,TOWN,26707.5,NO,0,YES,YES,YES,NO,NO"	169
"ID12270,56,MALE,INNER_CITY,34020.5,YES,0,NO,NO,YES,NO,NO"	170
"ID12271,52,MALE,INNER_CITY,49175.7,YES,0,YES,YES,YES,NO,NO"	171
"ID12272,22,MALE,INNER_CITY,19726.3,YES,2,NO,NO,YES,NO,NO"	172
"ID12273,35,MALE,INNER_CITY,24346.6,YES,3,YES,YES,YES,NO,NO"	173
"ID12274,34,MALE,RURAL,26999.4,YES,1,YES,YES,YES,NO,YES"	174
"ID12275,67,FEMALE,TOWN,41558.1,YES,2,NO,YES,YES,NO,YES"	175
"ID12276,58,FEMALE,INNER_CITY,56340.3,NO,0,NO,YES,YES,NO,YES"	176
"ID12277,40,MALE,TOWN,37558.5,YES,0,YES,YES,YES,NO,NO"	177
"ID12278,41,FEMALE,INNER_CITY,30099.3,YES,0,YES,YES,YES,YES,YES"	178
"ID12279,43,MALE,INNER_CITY,15254.8,YES,0,NO,NO,NO,NO,YES"	179
"ID12280,63,MALE,INNER_CITY,36086.1,YES,2,NO,NO,YES,NO,YES"	180
"ID12281,22,FEMALE,INNER_CITY,17655,YES,1,NO,YES,YES,YES,YES"	181
"ID12282,60,MALE,RURAL,56658.9,NO,0,NO,YES,YES,NO,YES"	182
"ID12283,65,FEMALE,INNER_CITY,37706.5,NO,0,YES,YES,YES,YES,NO"	183
"ID12284,48,FEMALE,INNER_CITY,18516,YES,2,YES,YES,YES,YES,NO"	184
"ID12285,38,FEMALE,INNER_CITY,29622,NO,0,YES,YES,NO,YES,NO"	185
"ID12286,49,MALE,RURAL,32669.9,YES,1,YES,YES,YES,YES,YES"	186
"ID12287,20,FEMALE,INNER_CITY,18275.5,YES,0,NO,NO,NO,YES,YES"	187
"ID12288,48,FEMALE,TOWN,34410,YES,1,NO,NO,YES,NO,YES"	188
"ID12289,38,MALE,INNER_CITY,34866.9,YES,2,YES,NO,YES,YES,NO"	189
"ID12290,41,FEMALE,INNER_CITY,21796.6,YES,0,NO,NO,YES,NO,NO"	190
"ID12291,67,FEMALE,SUBURBAN,63130.1,YES,2,YES,YES,YES,NO,YES"	191
"ID12292,39,MALE,INNER_CITY,14996.4,YES,1,YES,YES,NO,NO,NO"	192
"ID12293,64,FEMALE,RURAL,49024.9,YES,3,NO,YES,YES,NO,YES"	193
"ID12294,41,MALE,INNER_CITY,16249.8,YES,0,YES,NO,YES,YES,YES"	194
"ID12295,55,MALE,SUBURBAN,36192.1,YES,2,YES,NO,YES,NO,YES"	195
"ID12296,52,MALE,INNER_CITY,17839.9,YES,1,NO,YES,NO,YES,YES"	196
"ID12297,30,FEMALE,INNER_CITY,18802.4,NO,0,NO,NO,YES,YES,YES"	197
"ID12298,52,MALE,INNER_CITY,48720.3,YES,2,YES,YES,YES,NO,YES"	198
"ID12299,26,MALE,INNER_CITY,14585.9,NO,2,NO,NO,YES,YES,NO"	199
"ID12300,26,FEMALE,INNER_CITY,20819,YES,0,NO,YES,YES,NO,YES"	200
"ID12301,46,MALE,TOWN,26077.8,YES,1,YES,YES,YES,NO,YES"	201
"ID12302,46,FEMALE,TOWN,41627.1,YES,0,NO,YES,YES,YES,NO"	202
"ID12303,52,MALE,INNER_CITY,16977.3,YES,0,NO,NO,YES,NO,NO"	203
"ID12304,37,MALE,INNER_CITY,19012.8,NO,3,YES,NO,YES,NO,NO"	204
"ID12305,22,MALE,INNER_CITY,12764.8,YES,1,NO,YES,YES,YES,YES"	205
"ID12306,18,MALE,INNER_CITY,14388.6,NO,0,YES,NO,YES,YES,YES"	206
"ID12307,63,MALE,INNER_CITY,59409.1,NO,0,YES,YES,YES,NO,YES"	207
"ID12308,25,FEMALE,INNER_CITY,14960.2,YES,0,NO,YES,YES,YES,NO"	208
"ID12309,67,MALE,INNER_CITY,39666.6,YES,0,YES,YES,YES,NO,NO"	209
"ID12310,27,MALE,INNER_CITY,20771.9,NO,0,NO,YES,NO,NO,YES"	210
"ID12311,61,MALE,INNER_CITY,24474.1,NO,0,YES,NO,NO,NO,YES"	211
"ID12312,58,MALE,TOWN,33123.7,YES,1,YES,YES,YES,NO,YES"	212
"ID12313,22,MALE,INNER_CITY,14433.4,YES,0,YES,YES,YES,NO,YES"	213
"ID12314,28,MALE,TOWN,13175.5,NO,1,NO,NO,YES,NO,YES"	214
"ID12315,23,MALE,INNER_CITY,9824.37,YES,0,NO,YES,YES,NO,NO"	215
"ID12316,27,MALE,SUBURBAN,17610.3,YES,0,NO,YES,YES,NO,NO"	216
"ID12317,27,FEMALE,SUBURBAN,15156.2,YES,0,YES,NO,YES,NO,NO"	217
"ID12318,40,FEMALE,INNER_CITY,31774.1,YES,3,YES,YES,YES,YES,NO"	218
"ID12319,39,MALE,TOWN,31693.5,NO,0,YES,YES,NO,NO,YES"	219
"ID12320,35,FEMALE,INNER_CITY,28598.7,YES,0,YES,YES,YES,NO,NO"	220
"ID12321,37,FEMALE,INNER_CITY,26261.7,NO,2,YES,NO,NO,NO,NO"	221
"ID12322,47,MALE,INNER_CITY,42124.1,YES,2,NO,YES,YES,NO,YES"	222
"ID12323,42,FEMALE,INNER_CITY,39308.7,YES,1,NO,YES,YES,NO,YES"	223
"ID12324,67,FEMALE,INNER_CITY,43530,YES,0,NO,YES,YES,YES,NO"	224
"ID12325,57,MALE,RURAL,49874.4,YES,3,NO,YES,YES,NO,YES"	225
"ID12326,47,FEMALE,RURAL,27434.8,NO,0,YES,YES,YES,NO,YES"	226
"ID12327,67,MALE,INNER_CITY,50474.6,YES,2,YES,YES,YES,NO,YES"	227
"ID12328,56,MALE,TOWN,24888.2,NO,0,NO,YES,YES,NO,YES"	228
"ID12329,37,MALE,RURAL,28021.6,NO,0,YES,NO,YES,YES,YES"	229
"ID12330,27,MALE,INNER_CITY,12279.5,NO,0,YES,NO,NO,NO,YES"	230
"ID12331,59,FEMALE,INNER_CITY,30189.4,YES,0,YES,NO,YES,YES,YES"	231
"ID12332,31,MALE,INNER_CITY,28969.4,NO,1,NO,NO,YES,YES,NO"	232
"ID12333,31,MALE,SUBURBAN,14058.5,YES,0,NO,NO,YES,YES,YES"	233
"ID12334,32,FEMALE,TOWN,30404.3,YES,0,YES,YES,YES,NO,NO"	234
"ID12335,57,FEMALE,RURAL,41438.2,NO,3,NO,YES,NO,NO,NO"	235
"ID12336,49,FEMALE,INNER_CITY,16711.3,NO,1,NO,YES,YES,YES,YES"	236
"ID12337,65,MALE,TOWN,52255.9,NO,2,YES,YES,YES,NO,YES"	237
"ID12338,22,FEMALE,INNER_CITY,17866.9,YES,2,NO,YES,YES,YES,NO"	238
"ID12339,26,FEMALE,RURAL,18067.5,YES,2,NO,YES,NO,NO,NO"	239
"ID12340,23,MALE,INNER_CITY,12823.7,YES,0,YES,YES,YES,NO,NO"	240
"ID12341,26,FEMALE,RURAL,11299.3,YES,2,YES,NO,NO,NO,NO"	241
"ID12342,59,FEMALE,INNER_CITY,56031.1,NO,0,YES,YES,YES,NO,YES"	242
"ID12343,67,MALE,INNER_CITY,35263.5,YES,1,YES,YES,YES,NO,YES"	243
"ID12344,34,FEMALE,INNER_CITY,19968.1,YES,0,YES,YES,YES,NO,NO"	244
"ID12345,50,MALE,RURAL,27825.5,YES,2,YES,YES,NO,NO,NO"	245
"ID12346,46,MALE,SUBURBAN,37773.9,NO,0,YES,YES,YES,YES,NO"	246
"ID12347,23,FEMALE,INNER_CITY,7606.25,NO,3,YES,NO,NO,NO,NO"	247
"ID12348,26,MALE,RURAL,21384.4,YES,0,NO,NO,YES,NO,NO"	248
"ID12349,40,MALE,TOWN,20347,YES,3,NO,YES,YES,NO,NO"	249
"ID12350,36,MALE,TOWN,21332.3,YES,3,YES,NO,YES,NO,NO"	250
"ID12351,65,MALE,INNER_CITY,57671.7,NO,0,NO,YES,YES,YES,NO"	251
"ID12352,45,FEMALE,TOWN,36057.8,YES,1,YES,YES,YES,YES,YES"	252
"ID12353,23,MALE,INNER_CITY,14290.5,YES,2,NO,NO,YES,YES,NO"	253
"ID12354,42,FEMALE,TOWN,17882.9,YES,1,NO,NO,NO,NO,YES"	254
"ID12355,21,FEMALE,RURAL,10629.1,NO,3,NO,YES,YES,YES,NO"	255
"ID12356,62,FEMALE,INNER_CITY,24262.8,NO,0,YES,NO,YES,NO,YES"	256
"ID12357,49,FEMALE,SUBURBAN,26097.9,NO,2,NO,YES,YES,NO,NO"	257
"ID12358,28,FEMALE,TOWN,23371,YES,2,NO,NO,YES,YES,NO"	258
"ID12359,38,FEMALE,TOWN,21495.6,NO,3,NO,NO,YES,YES,NO"	259
"ID12360,36,MALE,TOWN,12166.9,NO,0,NO,NO,NO,NO,NO"	260
"ID12361,22,MALE,SUBURBAN,17180.2,YES,0,NO,YES,YES,NO,NO"	261
"ID12362,40,FEMALE,TOWN,28882.3,YES,1,NO,YES,YES,YES,YES"	262
"ID12363,40,FEMALE,TOWN,21612.2,YES,0,NO,NO,YES,NO,NO"	263
"ID12364,60,FEMALE,INNER_CITY,46358.4,YES,0,YES,YES,YES,YES,NO"	264
"ID12365,23,MALE,INNER_CITY,19166,NO,0,YES,YES,NO,NO,YES"	265
"ID12366,21,MALE,INNER_CITY,17921.8,YES,1,YES,NO,NO,NO,YES"	266
"ID12367,58,MALE,TOWN,33229,NO,0,YES,YES,YES,NO,YES"	267
"ID12368,48,FEMALE,SUBURBAN,30396.1,NO,0,NO,YES,YES,NO,YES"	268
"ID12369,63,FEMALE,TOWN,34625.2,YES,0,YES,NO,YES,NO,NO"	269
"ID12370,20,MALE,TOWN,16672.8,NO,3,YES,NO,YES,YES,NO"	270
"ID12371,67,FEMALE,SUBURBAN,60747.5,NO,2,NO,YES,YES,YES,YES"	271
"ID12372,62,FEMALE,INNER_CITY,56394.3,NO,0,YES,YES,YES,NO,YES"	272
"ID12373,36,MALE,TOWN,13236.4,YES,0,NO,YES,YES,NO,NO"	273
"ID12374,31,MALE,INNER_CITY,28409.4,YES,1,YES,NO,YES,NO,YES"	274
"ID12375,42,FEMALE,INNER_CITY,27056.5,YES,0,YES,YES,YES,NO,NO"	275
"ID12376,18,MALE,RURAL,9362.58,YES,0,YES,NO,YES,YES,YES"	276
"ID12377,46,FEMALE,SUBURBAN,28702.7,NO,1,NO,YES,YES,YES,YES"	277
"ID12378,25,MALE,TOWN,22366.1,YES,1,YES,YES,YES,NO,YES"	278
"ID12379,65,FEMALE,RURAL,24477.5,NO,0,NO,YES,NO,YES,NO"	279
"ID12380,40,MALE,TOWN,36972.4,YES,1,NO,NO,YES,YES,YES"	280
"ID12381,32,MALE,INNER_CITY,22327.8,YES,1,NO,NO,NO,NO,YES"	281
"ID12382,18,FEMALE,INNER_CITY,15610.2,YES,0,NO,YES,YES,NO,NO"	282
"ID12383,64,MALE,INNER_CITY,54314.5,YES,1,YES,YES,NO,NO,YES"	283
"ID12384,43,FEMALE,INNER_CITY,39175.8,YES,3,NO,YES,YES,YES,NO"	284
"ID12385,22,FEMALE,INNER_CITY,13739,YES,3,NO,YES,YES,NO,NO"	285
"ID12386,25,MALE,TOWN,9485.84,YES,0,NO,NO,NO,NO,NO"	286
"ID12387,39,MALE,INNER_CITY,24675.7,YES,1,YES,YES,YES,YES,YES"	287
"ID12388,58,FEMALE,INNER_CITY,28253.6,YES,3,NO,NO,YES,NO,NO"	288
"ID12389,33,MALE,INNER_CITY,14136.5,YES,1,NO,YES,NO,NO,NO"	289
"ID12390,52,FEMALE,RURAL,37162.1,YES,1,YES,YES,YES,NO,YES"	290
"ID12391,23,MALE,INNER_CITY,13519.2,NO,0,NO,YES,YES,NO,YES"	291
"ID12392,44,FEMALE,INNER_CITY,39253.6,NO,0,YES,YES,NO,NO,YES"	292
"ID12393,51,MALE,RURAL,46323.8,YES,2,YES,YES,YES,YES,YES"	293
"ID12394,26,FEMALE,TOWN,20950.7,YES,0,NO,YES,YES,NO,NO"	294
"ID12395,42,MALE,TOWN,22495.7,YES,0,NO,YES,NO,YES,NO"	295
"ID12396,34,MALE,TOWN,32548.9,YES,0,YES,YES,YES,YES,NO"	296
"ID12397,54,FEMALE,RURAL,24583.4,NO,2,YES,YES,YES,YES,NO"	297
"ID12398,18,MALE,RURAL,8639.24,YES,2,NO,NO,NO,NO,NO"	298
"ID12399,47,FEMALE,INNER_CITY,17139.5,NO,2,YES,NO,YES,NO,NO"	299
"ID12400,24,FEMALE,INNER_CITY,13667.7,YES,0,NO,YES,YES,NO,NO"	300
"ID12401,19,FEMALE,INNER_CITY,8162.42,YES,1,YES,YES,YES,YES,NO"	301
"ID12402,37,FEMALE,TOWN,15349.6,YES,0,NO,YES,NO,NO,NO"	302
"ID12403,45,FEMALE,TOWN,29231.4,YES,0,NO,YES,NO,NO,NO"	303
"ID12404,49,MALE,RURAL,41462.3,YES,3,NO,YES,YES,YES,NO"	304
"ID12405,67,FEMALE,RURAL,57398.1,NO,3,NO,YES,YES,NO,YES"	305
"ID12406,35,FEMALE,RURAL,11520.8,YES,0,NO,NO,YES,NO,NO"	306
"ID12407,63,MALE,INNER_CITY,52117.3,NO,2,YES,YES,YES,NO,YES"	307
"ID12408,38,MALE,RURAL,26281.4,NO,0,YES,YES,YES,NO,YES"	308
"ID12409,48,MALE,TOWN,25683.4,NO,2,YES,YES,YES,NO,NO"	309
"ID12410,28,FEMALE,INNER_CITY,11920.7,NO,1,NO,YES,YES,NO,NO"	310
"ID12411,46,MALE,TOWN,30658.7,YES,0,NO,YES,YES,NO,NO"	311
"ID12412,66,MALE,INNER_CITY,36646.4,NO,1,NO,YES,YES,NO,YES"	312
"ID12413,61,FEMALE,TOWN,30760.4,NO,2,YES,NO,YES,NO,YES"	313
"ID12414,18,FEMALE,RURAL,16109.9,NO,2,YES,YES,YES,NO,NO"	314
"ID12415,54,FEMALE,TOWN,18036.7,YES,0,YES,YES,NO,NO,NO"	315
"ID12416,45,MALE,RURAL,42628.3,NO,0,YES,YES,YES,YES,NO"	316
"ID12417,60,MALE,INNER_CITY,22110.1,NO,2,YES,YES,YES,NO,NO"	317
"ID12418,45,FEMALE,TOWN,37689.1,NO,1,NO,YES,YES,YES,YES"	318
"ID12419,31,FEMALE,INNER_CITY,23171.8,NO,2,NO,YES,NO,NO,NO"	319
"ID12420,39,MALE,SUBURBAN,21951.3,NO,0,YES,YES,YES,YES,NO"	320
"ID12421,53,MALE,INNER_CITY,38103.4,NO,2,YES,YES,YES,NO,YES"	321
"ID12422,35,MALE,RURAL,22882.9,YES,0,YES,NO,NO,YES,YES"	322
"ID12423,25,FEMALE,TOWN,11043.7,YES,1,YES,YES,NO,YES,NO"	323
"ID12424,32,MALE,TOWN,24027.6,NO,0,NO,YES,YES,NO,YES"	324
"ID12425,36,MALE,SUBURBAN,28495.1,YES,0,NO,YES,YES,NO,NO"	325
"ID12426,24,FEMALE,TOWN,9465.21,NO,0,NO,NO,YES,NO,YES"	326
"ID12427,39,MALE,INNER_CITY,34852.3,YES,1,NO,YES,NO,YES,YES"	327
"ID12428,24,MALE,INNER_CITY,21268.4,YES,0,NO,NO,YES,YES,YES"	328
"ID12429,57,FEMALE,RURAL,50849.2,NO,1,NO,YES,NO,YES,YES"	329
"ID12430,27,FEMALE,TOWN,18555.9,YES,3,NO,NO,YES,NO,NO"	330
"ID12431,66,FEMALE,RURAL,52769.9,YES,3,YES,YES,YES,NO,YES"	331
"ID12432,18,FEMALE,INNER_CITY,11601.4,YES,2,NO,YES,YES,YES,NO"	332
"ID12433,33,FEMALE,TOWN,29541.7,YES,0,NO,YES,NO,NO,NO"	333
"ID12434,48,MALE,SUBURBAN,17861,YES,2,NO,YES,YES,NO,NO"	334
"ID12435,23,FEMALE,SUBURBAN,21042,YES,1,NO,NO,YES,NO,YES"	335
"ID12436,44,MALE,TOWN,26688.1,YES,1,NO,YES,NO,YES,YES"	336
"ID12437,39,MALE,INNER_CITY,26900.6,YES,2,NO,NO,NO,YES,NO"	337
"ID12438,65,MALE,INNER_CITY,38080.9,YES,1,YES,YES,NO,YES,NO"	338
"ID12439,60,MALE,SUBURBAN,37554.1,YES,2,YES,YES,YES,YES,YES"	339
"ID12440,20,MALE,INNER_CITY,18184.6,YES,0,NO,NO,YES,YES,YES"	340
"ID12441,45,FEMALE,SUBURBAN,28864.9,YES,0,NO,YES,YES,NO,NO"	341
"ID12442,66,MALE,RURAL,48346.1,YES,1,YES,YES,NO,NO,YES"	342
"ID12443,64,MALE,INNER_CITY,53104.3,YES,0,YES,YES,YES,NO,NO"	343
"ID12444,51,FEMALE,INNER_CITY,19416.8,YES,0,NO,YES,YES,NO,NO"	344
"ID12445,34,MALE,RURAL,23638.1,YES,2,YES,YES,YES,NO,NO"	345
"ID12446,65,FEMALE,TOWN,42378.2,YES,1,NO,YES,YES,NO,YES"	346
"ID12447,50,MALE,RURAL,39745.3,YES,0,YES,YES,NO,YES,NO"	347
"ID12448,66,FEMALE,INNER_CITY,45189.8,YES,0,NO,YES,NO,NO,NO"	348
"ID12449,63,MALE,INNER_CITY,37930.9,YES,0,NO,YES,NO,YES,NO"	349
"ID12450,53,FEMALE,INNER_CITY,24042,NO,1,NO,NO,YES,NO,YES"	350
"ID12451,33,FEMALE,INNER_CITY,31207.1,NO,0,YES,NO,YES,YES,YES"	351
"ID12452,38,MALE,TOWN,24424.3,YES,0,NO,YES,YES,YES,NO"	352
"ID12453,56,FEMALE,RURAL,24607.8,NO,1,NO,YES,YES,YES,NO"	353
"ID12454,48,MALE,TOWN,43057,NO,1,YES,YES,YES,NO,YES"	354
"ID12455,49,FEMALE,SUBURBAN,30198.5,YES,0,YES,NO,YES,YES,YES"	355
"ID12456,54,FEMALE,RURAL,50186.1,YES,2,NO,YES,YES,YES,YES"	356
"ID12457,41,FEMALE,SUBURBAN,22916.1,YES,0,NO,NO,YES,NO,NO"	357
"ID12458,19,MALE,RURAL,9592.73,NO,0,NO,YES,YES,NO,YES"	358
"ID12459,52,FEMALE,INNER_CITY,34253.6,NO,3,YES,NO,YES,NO,NO"	359
"ID12460,52,FEMALE,INNER_CITY,22792.3,YES,1,YES,YES,NO,NO,YES"	360
"ID12461,64,FEMALE,TOWN,51620.8,NO,2,YES,YES,YES,NO,YES"	361
"ID12462,56,MALE,TOWN,19918.9,YES,3,NO,YES,YES,YES,NO"	362
"ID12463,56,MALE,TOWN,29625.1,YES,2,NO,NO,YES,NO,NO"	363
"ID12464,19,FEMALE,TOWN,12549,YES,0,NO,YES,YES,NO,NO"	364
"ID12465,56,FEMALE,TOWN,51299.3,YES,1,YES,YES,NO,NO,YES"	365
"ID12466,27,MALE,INNER_CITY,17364.8,YES,2,YES,YES,NO,NO,YES"	366
"ID12467,59,FEMALE,INNER_CITY,29866.9,NO,1,YES,NO,YES,NO,YES"	367
"ID12468,56,MALE,INNER_CITY,47750.2,YES,0,YES,YES,YES,YES,NO"	368
"ID12469,21,MALE,TOWN,11281.5,YES,0,NO,YES,YES,YES,NO"	369
"ID12470,64,MALE,INNER_CITY,34073.8,YES,3,NO,YES,NO,YES,NO"	370
"ID12471,62,MALE,INNER_CITY,46870.4,YES,0,NO,YES,YES,NO,NO"	371
"ID12472,44,FEMALE,INNER_CITY,38453.7,NO,2,NO,YES,YES,NO,YES"	372
"ID12473,24,FEMALE,INNER_CITY,7756.36,NO,0,NO,NO,NO,NO,YES"	373
"ID12474,52,FEMALE,INNER_CITY,28413.8,YES,0,NO,NO,YES,NO,NO"	374
"ID12475,67,FEMALE,SUBURBAN,47198.6,YES,2,NO,YES,YES,NO,YES"	375
"ID12476,41,MALE,INNER_CITY,20866.3,YES,0,YES,YES,YES,NO,NO"	376
"ID12477,58,FEMALE,TOWN,33204.3,NO,1,NO,NO,NO,YES,YES"	377
"ID12478,40,MALE,INNER_CITY,24823.5,NO,2,NO,NO,YES,NO,NO"	378
"ID12479,19,MALE,SUBURBAN,17986.8,YES,0,NO,NO,YES,YES,YES"	379
"ID12480,20,FEMALE,INNER_CITY,9909.82,YES,3,NO,NO,YES,NO,NO"	380
"ID12481,56,FEMALE,TOWN,26542.8,NO,0,YES,YES,YES,NO,YES"	381
"ID12482,46,FEMALE,INNER_CITY,32583.5,YES,2,YES,YES,YES,NO,NO"	382
"ID12483,30,MALE,INNER_CITY,14606.6,YES,1,NO,NO,YES,NO,NO"	383
"ID12484,40,FEMALE,TOWN,34836.8,YES,1,YES,YES,YES,NO,YES"	384
"ID12485,36,FEMALE,TOWN,26920.8,YES,0,NO,NO,YES,NO,NO"	385
"ID12486,57,FEMALE,INNER_CITY,38248.3,NO,3,YES,NO,YES,YES,NO"	386
"ID12487,49,MALE,INNER_CITY,15689.1,NO,0,NO,NO,YES,NO,NO"	387
"ID12488,61,MALE,INNER_CITY,30157.7,NO,1,YES,NO,NO,NO,YES"	388
"ID12489,29,MALE,INNER_CITY,14642.2,NO,0,YES,NO,YES,NO,YES"	389
"ID12490,48,FEMALE,INNER_CITY,15933.3,YES,0,NO,YES,NO,NO,NO"	390
"ID12491,56,FEMALE,INNER_CITY,44288.3,YES,0,NO,YES,YES,NO,NO"	391
"ID12492,40,MALE,TOWN,22197.1,NO,0,YES,NO,YES,NO,YES"	392
"ID12493,58,FEMALE,TOWN,38248.3,YES,3,YES,YES,NO,NO,NO"	393
"ID12494,60,FEMALE,INNER_CITY,22053.2,YES,2,YES,YES,NO,YES,NO"	394
"ID12495,58,FEMALE,SUBURBAN,25468.5,NO,0,YES,NO,NO,YES,YES"	395
"ID12496,67,FEMALE,TOWN,23485.9,YES,3,YES,NO,NO,YES,NO"	396
"ID12497,40,MALE,RURAL,25768.6,YES,0,YES,YES,NO,NO,NO"	397
"ID12498,48,MALE,INNER_CITY,34182.2,YES,2,NO,YES,YES,NO,YES"	398
"ID12499,64,FEMALE,INNER_CITY,57444.5,NO,1,NO,YES,YES,NO,YES"	399
"ID12500,43,MALE,TOWN,38059.8,YES,0,YES,YES,NO,YES,NO"	400
"ID12501,34,FEMALE,RURAL,19481.3,NO,0,NO,NO,YES,YES,YES"	401
"ID12502,26,MALE,RURAL,19563.8,NO,3,YES,NO,NO,YES,NO"	402
"ID12503,48,MALE,INNER_CITY,38598.4,YES,0,YES,NO,YES,NO,NO"	403
"ID12504,35,MALE,INNER_CITY,20754.3,NO,0,NO,NO,NO,YES,YES"	404
"ID12505,24,FEMALE,INNER_CITY,13864.6,YES,3,NO,YES,YES,NO,YES"	405
"ID12506,47,MALE,SUBURBAN,36599,YES,3,YES,YES,YES,NO,YES"	406
"ID12507,52,MALE,SUBURBAN,45856.1,NO,1,NO,YES,YES,NO,YES"	407
"ID12508,31,MALE,SUBURBAN,22362.3,NO,0,NO,YES,YES,NO,YES"	408
"ID12509,41,FEMALE,SUBURBAN,21984,YES,1,YES,NO,NO,NO,YES"	409
"ID12510,23,MALE,SUBURBAN,11073,YES,2,NO,YES,NO,NO,NO"	410
"ID12511,27,FEMALE,INNER_CITY,18158.5,NO,1,YES,NO,YES,YES,YES"	411
"ID12512,22,MALE,INNER_CITY,7304.2,NO,0,YES,YES,YES,YES,NO"	412
"ID12513,67,FEMALE,INNER_CITY,58092,NO,2,YES,YES,YES,NO,YES"	413
"ID12514,26,FEMALE,INNER_CITY,16518.6,YES,0,YES,NO,YES,NO,YES"	414
"ID12515,58,FEMALE,SUBURBAN,46461.5,YES,0,NO,YES,YES,NO,NO"	415
"ID12516,27,MALE,RURAL,20058.7,YES,0,NO,YES,YES,YES,NO"	416
"ID12517,36,MALE,INNER_CITY,12533.2,NO,1,NO,YES,NO,YES,NO"	417
"ID12518,31,MALE,RURAL,22848.5,YES,1,YES,NO,NO,NO,YES"	418
"ID12519,28,FEMALE,TOWN,25699.4,YES,2,YES,YES,NO,NO,YES"	419
"ID12520,57,MALE,TOWN,21612.6,YES,0,NO,YES,YES,YES,NO"	420
"ID12521,64,MALE,INNER_CITY,48950.9,YES,0,YES,YES,YES,YES,NO"	421
"ID12522,49,MALE,INNER_CITY,41438,NO,1,NO,YES,NO,NO,YES"	422
"ID12523,22,MALE,INNER_CITY,11411,YES,1,YES,NO,YES,NO,NO"	423
"ID12524,58,FEMALE,INNER_CITY,43940.6,YES,0,YES,YES,YES,NO,NO"	424
"ID12525,20,MALE,TOWN,17239.5,NO,1,YES,NO,YES,NO,YES"	425
"ID12526,44,FEMALE,RURAL,30488.7,YES,0,NO,YES,YES,NO,NO"	426
"ID12527,65,FEMALE,TOWN,29866.3,YES,3,NO,YES,NO,NO,NO"	427
"ID12528,53,FEMALE,INNER_CITY,32184.4,YES,2,YES,NO,NO,NO,YES"	428
"ID12529,34,FEMALE,INNER_CITY,17308.7,YES,1,YES,NO,YES,YES,YES"	429
"ID12530,35,MALE,RURAL,27863.9,NO,2,NO,YES,YES,YES,NO"	430
"ID12531,48,MALE,TOWN,28920.6,YES,0,NO,YES,NO,YES,NO"	431
"ID12532,64,FEMALE,TOWN,58367.3,YES,1,YES,YES,YES,NO,YES"	432
"ID12533,46,MALE,TOWN,16849.3,NO,0,YES,YES,YES,YES,NO"	433
"ID12534,42,FEMALE,RURAL,28138.5,YES,0,NO,NO,YES,YES,YES"	434
"ID12535,47,MALE,INNER_CITY,23038.2,YES,0,YES,YES,NO,NO,NO"	435
"ID12536,23,MALE,TOWN,11736.9,NO,2,YES,YES,YES,YES,NO"	436
"ID12537,35,MALE,INNER_CITY,16479.5,YES,0,YES,NO,NO,YES,YES"	437
"ID12538,64,FEMALE,INNER_CITY,31415.7,NO,1,YES,YES,NO,YES,YES"	438
"ID12539,18,FEMALE,SUBURBAN,12117.3,YES,1,NO,NO,YES,NO,NO"	439
"ID12540,19,MALE,INNER_CITY,15417.1,YES,1,YES,NO,YES,NO,NO"	440
"ID12541,40,MALE,INNER_CITY,29414.6,YES,1,NO,YES,NO,YES,YES"	441
"ID12542,47,MALE,INNER_CITY,44682.1,YES,0,YES,YES,YES,NO,NO"	442
"ID12543,43,FEMALE,RURAL,36281,YES,0,YES,YES,YES,NO,NO"	443
"ID12544,38,MALE,TOWN,33302.8,NO,0,YES,NO,YES,YES,YES"	444
"ID12545,21,FEMALE,RURAL,15797.1,YES,0,NO,YES,YES,NO,YES"	445
"ID12546,40,MALE,RURAL,31864.8,YES,0,YES,YES,YES,NO,NO"	446
"ID12547,52,FEMALE,TOWN,43719.5,YES,0,NO,YES,YES,NO,NO"	447
"ID12548,35,FEMALE,TOWN,30799.5,YES,2,NO,NO,YES,NO,YES"	448
"ID12549,53,MALE,RURAL,48971.6,YES,3,YES,YES,NO,NO,YES"	449
"ID12550,38,FEMALE,RURAL,34061.4,NO,0,YES,YES,YES,NO,YES"	450
"ID12551,42,MALE,INNER_CITY,28938.6,YES,3,YES,NO,NO,NO,NO"	451
"ID12552,43,MALE,TOWN,38540,NO,0,YES,YES,NO,YES,NO"	452
"ID12553,59,FEMALE,INNER_CITY,27045.1,NO,0,NO,NO,YES,NO,YES"	453
"ID12554,59,FEMALE,RURAL,51284.3,NO,0,YES,YES,YES,YES,NO"	454
"ID12555,24,MALE,INNER_CITY,16352.2,NO,0,NO,YES,YES,YES,NO"	455
"ID12556,27,FEMALE,INNER_CITY,11866.4,YES,0,YES,YES,YES,NO,NO"	456
"ID12557,32,FEMALE,TOWN,13267.6,YES,0,YES,YES,YES,YES,NO"	457
"ID12558,65,FEMALE,INNER_CITY,61554.6,YES,0,NO,YES,YES,NO,NO"	458
"ID12559,18,MALE,SUBURBAN,13700.2,NO,1,NO,YES,YES,NO,NO"	459
"ID12560,66,MALE,TOWN,46963.9,YES,1,NO,YES,YES,NO,YES"	460
"ID12561,41,MALE,INNER_CITY,23475.6,YES,0,YES,NO,YES,YES,YES"	461
"ID12562,64,FEMALE,SUBURBAN,24554.1,YES,0,YES,YES,NO,YES,NO"	462
"ID12563,23,FEMALE,INNER_CITY,18050,YES,0,YES,NO,YES,YES,YES"	463
"ID12564,29,FEMALE,RURAL,15237.6,YES,2,YES,NO,YES,NO,NO"	464
"ID12565,28,MALE,TOWN,20555,NO,0,YES,YES,YES,NO,YES"	465
"ID12566,57,FEMALE,TOWN,28421.7,YES,2,YES,YES,YES,YES,NO"	466
"ID12567,38,MALE,INNER_CITY,21876.5,YES,0,NO,NO,YES,NO,NO"	467
"ID12568,34,FEMALE,SUBURBAN,12810.2,NO,3,NO,YES,YES,NO,YES"	468
"ID12569,43,MALE,SUBURBAN,15109.4,YES,0,NO,NO,YES,NO,YES"	469
"ID12570,63,MALE,TOWN,37414.7,NO,3,YES,YES,YES,NO,NO"	470
"ID12571,62,FEMALE,INNER_CITY,41521.6,YES,0,NO,YES,YES,YES,NO"	471
"ID12572,51,FEMALE,INNER_CITY,25372.8,YES,0,YES,YES,YES,NO,NO"	472
"ID12573,61,MALE,INNER_CITY,21139.8,YES,2,YES,YES,NO,NO,NO"	473
"ID12574,41,FEMALE,TOWN,27757.6,NO,0,NO,YES,YES,NO,YES"	474
"ID12575,31,FEMALE,TOWN,22678.1,NO,1,YES,YES,YES,YES,YES"	475
"ID12576,33,FEMALE,TOWN,12178.5,YES,2,NO,YES,YES,YES,NO"	476
"ID12577,43,MALE,RURAL,26106.7,NO,1,NO,NO,YES,NO,YES"	477
"ID12578,40,MALE,INNER_CITY,27417.6,YES,0,NO,YES,YES,YES,NO"	478
"ID12579,47,MALE,TOWN,23337.2,YES,2,NO,YES,YES,YES,NO"	479
"ID12580,46,MALE,TOWN,43395.5,NO,1,YES,YES,YES,NO,YES"	480
"ID12581,30,MALE,RURAL,11536.2,YES,2,NO,NO,YES,YES,NO"	481
"ID12582,47,MALE,INNER_CITY,44658.6,NO,2,YES,YES,YES,NO,YES"	482
"ID12583,44,MALE,RURAL,32762.5,NO,0,NO,YES,YES,YES,NO"	483
"ID12584,23,MALE,RURAL,16403.8,YES,0,YES,YES,NO,NO,NO"	484
"ID12585,28,FEMALE,INNER_CITY,21184.7,YES,1,YES,YES,YES,NO,YES"	485
"ID12586,64,FEMALE,INNER_CITY,49917.3,YES,0,YES,YES,YES,YES,NO"	486
"ID12587,35,FEMALE,TOWN,21623.8,YES,0,NO,YES,NO,YES,NO"	487
"ID12588,19,MALE,RURAL,16625.9,YES,1,NO,NO,YES,NO,YES"	488
"ID12589,27,FEMALE,TOWN,14014.5,YES,3,NO,YES,NO,NO,NO"	489
"ID12590,27,MALE,INNER_CITY,20409.3,YES,2,NO,YES,NO,NO,YES"	490
"ID12591,58,FEMALE,INNER_CITY,31671.3,YES,1,YES,YES,NO,YES,YES"	491
"ID12592,46,FEMALE,TOWN,17149.2,NO,1,YES,YES,YES,NO,YES"	492
"ID12593,61,FEMALE,TOWN,27756.3,YES,0,YES,YES,NO,YES,YES"	493
"ID12594,59,MALE,INNER_CITY,40949.9,NO,0,NO,YES,YES,NO,YES"	494
"ID12595,47,FEMALE,RURAL,43743.2,YES,3,NO,YES,YES,NO,NO"	495
"ID12596,44,MALE,INNER_CITY,38459.9,YES,0,NO,NO,NO,YES,YES"	496
"ID12597,50,MALE,TOWN,40972.9,NO,2,YES,YES,YES,YES,YES"	497
"ID12598,64,MALE,INNER_CITY,46587.9,NO,0,NO,YES,YES,NO,YES"	498
"ID12599,51,FEMALE,TOWN,43799.6,NO,0,NO,YES,YES,YES,NO"	499
"ID12600,46,FEMALE,TOWN,18912.2,YES,0,YES,NO,YES,NO,YES"	500
"ID12601,39,FEMALE,INNER_CITY,27765.8,YES,3,YES,YES,NO,NO,NO"	501
"ID12602,58,FEMALE,INNER_CITY,33007.3,NO,1,YES,NO,YES,NO,YES"	502
"ID12603,32,FEMALE,TOWN,26325.3,YES,0,YES,NO,NO,NO,NO"	503
"ID12604,22,FEMALE,INNER_CITY,15308.2,NO,0,YES,YES,YES,YES,NO"	504
"ID12605,63,FEMALE,INNER_CITY,59805.6,YES,1,YES,YES,YES,NO,YES"	505
"ID12606,35,FEMALE,TOWN,28658.3,YES,0,YES,YES,YES,NO,NO"	506
"ID12607,59,FEMALE,INNER_CITY,23175,YES,0,NO,NO,NO,YES,YES"	507
"ID12608,22,FEMALE,SUBURBAN,11595.4,NO,0,YES,YES,YES,NO,YES"	508
"ID12609,60,MALE,SUBURBAN,50409.9,NO,2,NO,YES,YES,YES,YES"	509
"ID12610,23,FEMALE,RURAL,11215.3,YES,2,YES,YES,YES,NO,YES"	510
"ID12611,29,FEMALE,TOWN,13327.8,YES,0,NO,YES,NO,NO,NO"	511
"ID12612,44,MALE,INNER_CITY,16088.8,YES,3,NO,YES,YES,NO,NO"	512
"ID12613,63,FEMALE,TOWN,43943,YES,0,YES,YES,YES,YES,NO"	513
"ID12614,25,FEMALE,RURAL,14505.3,NO,3,NO,YES,YES,NO,NO"	514
"ID12615,37,MALE,INNER_CITY,33886.4,NO,0,YES,YES,NO,NO,YES"	515
"ID12616,48,FEMALE,INNER_CITY,16662.5,YES,1,NO,YES,YES,NO,YES"	516
"ID12617,35,FEMALE,TOWN,20262.6,NO,0,NO,YES,NO,NO,YES"	517
"ID12618,51,MALE,TOWN,33615.4,YES,1,NO,YES,NO,YES,YES"	518
"ID12619,27,FEMALE,TOWN,22007.1,NO,3,NO,NO,YES,NO,NO"	519
"ID12620,56,FEMALE,INNER_CITY,28981.1,YES,3,YES,YES,YES,YES,NO"	520
"ID12621,38,FEMALE,INNER_CITY,12163.9,YES,2,YES,NO,YES,NO,YES"	521
"ID12622,36,FEMALE,TOWN,17247.7,YES,2,YES,YES,YES,NO,NO"	522
"ID12623,27,MALE,SUBURBAN,12683.6,NO,3,NO,YES,YES,YES,NO"	523
"ID12624,34,FEMALE,TOWN,16291,YES,0,YES,YES,NO,YES,NO"	524
"ID12625,44,MALE,SUBURBAN,18707.3,YES,0,YES,YES,YES,YES,YES"	525
"ID12626,43,FEMALE,INNER_CITY,19326.9,YES,1,NO,NO,YES,NO,YES"	526
"ID12627,32,MALE,INNER_CITY,14511.8,NO,2,NO,YES,NO,YES,NO"	527
"ID12628,21,FEMALE,TOWN,10672,NO,1,NO,YES,YES,YES,NO"	528
"ID12629,30,FEMALE,INNER_CITY,25830.5,YES,2,NO,NO,YES,NO,NO"	529
"ID12630,55,MALE,RURAL,43499.5,YES,1,YES,YES,YES,NO,NO"	530
"ID12631,64,MALE,SUBURBAN,59175.1,YES,1,NO,YES,YES,NO,YES"	531
"ID12632,36,FEMALE,INNER_CITY,27642.9,NO,1,YES,NO,NO,NO,YES"	532
"ID12633,59,MALE,INNER_CITY,30067.5,NO,1,NO,YES,YES,NO,YES"	533
"ID12634,60,MALE,INNER_CITY,29714.4,YES,0,YES,NO,YES,YES,YES"	534
"ID12635,27,FEMALE,TOWN,13950.4,NO,1,YES,YES,YES,YES,NO"	535
"ID12636,29,MALE,INNER_CITY,10072.6,YES,0,NO,NO,YES,NO,NO"	536
"ID12637,53,FEMALE,INNER_CITY,37850.6,NO,1,NO,YES,YES,NO,YES"	537
"ID12638,61,FEMALE,RURAL,57176.4,NO,2,NO,YES,YES,NO,YES"	538
"ID12639,43,FEMALE,INNER_CITY,38784,YES,0,NO,YES,YES,NO,NO"	539
"ID12640,19,MALE,INNER_CITY,10191.8,YES,0,NO,YES,YES,YES,YES"	540
"ID12641,48,FEMALE,INNER_CITY,21821.4,YES,1,YES,YES,NO,YES,YES"	541
"ID12642,39,MALE,RURAL,37389,YES,2,NO,YES,YES,NO,YES"	542
"ID12643,32,MALE,INNER_CITY,14627.9,YES,2,YES,YES,YES,NO,NO"	543
"ID12644,63,MALE,SUBURBAN,48770.5,YES,1,YES,YES,NO,YES,YES"	544
"ID12645,46,MALE,RURAL,21096.2,YES,1,YES,YES,YES,NO,YES"	545
"ID12646,40,MALE,INNER_CITY,36256.9,NO,0,NO,NO,YES,YES,YES"	546
"ID12647,27,FEMALE,INNER_CITY,15281.8,NO,0,YES,NO,NO,YES,YES"	547
"ID12648,22,MALE,SUBURBAN,9316.98,YES,2,YES,YES,YES,NO,NO"	548
"ID12649,42,MALE,RURAL,20736.2,YES,1,YES,YES,YES,NO,YES"	549
"ID12650,58,FEMALE,TOWN,52662.5,YES,1,YES,YES,YES,YES,YES"	550
"ID12651,23,FEMALE,INNER_CITY,8020.19,YES,1,YES,NO,YES,NO,NO"	551
"ID12652,58,MALE,SUBURBAN,32245.4,YES,3,NO,NO,NO,NO,NO"	552
"ID12653,45,MALE,INNER_CITY,41107.2,YES,2,YES,YES,YES,NO,NO"	553
"ID12654,49,FEMALE,SUBURBAN,39358.3,YES,0,YES,NO,NO,YES,NO"	554
"ID12655,67,FEMALE,INNER_CITY,36095.9,YES,3,YES,YES,YES,NO,NO"	555
"ID12656,20,FEMALE,TOWN,7723.93,YES,2,YES,YES,YES,NO,NO"	556
"ID12657,43,FEMALE,RURAL,18565.8,YES,1,YES,YES,YES,YES,YES"	557
"ID12658,41,MALE,RURAL,25132.9,YES,0,NO,NO,YES,NO,NO"	558
"ID12659,38,FEMALE,SUBURBAN,31290.6,YES,0,NO,YES,YES,NO,NO"	559
"ID12660,67,FEMALE,SUBURBAN,24858.4,YES,0,NO,NO,YES,YES,YES"	560
"ID12661,40,MALE,INNER_CITY,16398.8,NO,1,NO,YES,YES,NO,YES"	561
"ID12662,25,FEMALE,SUBURBAN,23287.9,NO,0,NO,NO,YES,YES,YES"	562
"ID12663,57,FEMALE,RURAL,50897.6,YES,0,NO,YES,YES,NO,NO"	563
"ID12664,32,FEMALE,INNER_CITY,22446.5,NO,1,NO,NO,YES,YES,YES"	564
"ID12665,44,MALE,SUBURBAN,23092.1,YES,0,YES,NO,YES,YES,YES"	565
"ID12666,30,MALE,TOWN,24867.6,YES,0,YES,YES,NO,NO,NO"	566
"ID12667,43,MALE,TOWN,22234.7,YES,0,NO,NO,YES,YES,NO"	567
"ID12668,19,FEMALE,INNER_CITY,17371.1,YES,2,YES,YES,YES,NO,NO"	568
"ID12669,37,FEMALE,TOWN,29574,YES,0,YES,YES,YES,NO,NO"	569
"ID12670,49,MALE,INNER_CITY,17944.2,NO,1,YES,YES,YES,YES,YES"	570
"ID12671,49,FEMALE,RURAL,33665.5,NO,3,YES,NO,YES,NO,NO"	571
"ID12672,40,MALE,INNER_CITY,36166.2,YES,0,NO,NO,NO,NO,NO"	572
"ID12673,33,FEMALE,SUBURBAN,27712.9,NO,2,NO,YES,YES,NO,YES"	573
"ID12674,39,MALE,TOWN,22400.7,YES,2,YES,YES,YES,NO,NO"	574
"ID12675,43,FEMALE,INNER_CITY,28469.9,YES,0,YES,YES,YES,NO,NO"	575
"ID12676,37,MALE,TOWN,30488,YES,0,NO,YES,YES,YES,NO"	576
"ID12677,24,FEMALE,TOWN,19160.3,YES,1,YES,YES,YES,NO,YES"	577
"ID12678,62,MALE,TOWN,45342.5,YES,0,YES,YES,NO,NO,YES"	578
"ID12679,18,MALE,INNER_CITY,6294.21,NO,0,NO,YES,YES,YES,NO"	579
"ID12680,47,FEMALE,TOWN,25127.7,YES,0,YES,NO,NO,NO,NO"	580
"ID12681,63,MALE,SUBURBAN,51879.3,YES,2,YES,YES,NO,YES,YES"	581
"ID12682,20,MALE,TOWN,12644.9,YES,2,YES,NO,YES,YES,NO"	582
"ID12683,46,FEMALE,TOWN,21984.4,NO,3,NO,YES,NO,NO,NO"	583
"ID12684,47,FEMALE,RURAL,29093.1,NO,2,YES,YES,YES,NO,NO"	584
"ID12685,33,MALE,TOWN,23528.4,YES,1,NO,YES,YES,YES,YES"	585
"ID12686,20,MALE,TOWN,9516.91,NO,3,YES,YES,YES,NO,NO"	586
"ID12687,20,MALE,INNER_CITY,18364.9,YES,1,NO,NO,YES,NO,YES"	587
"ID12688,43,FEMALE,TOWN,31273.8,NO,1,YES,YES,NO,NO,YES"	588
"ID12689,58,MALE,RURAL,49673.6,YES,0,NO,YES,YES,NO,NO"	589
"ID12690,29,MALE,SUBURBAN,12623.4,YES,1,YES,YES,YES,NO,NO"	590
"ID12691,25,MALE,INNER_CITY,23818.6,YES,0,NO,NO,NO,NO,NO"	591
"ID12692,40,FEMALE,INNER_CITY,31473.9,NO,2,NO,YES,YES,YES,YES"	592
"ID12693,48,MALE,TOWN,20268,YES,0,NO,YES,YES,NO,NO"	593
"ID12694,65,MALE,SUBURBAN,51417,YES,2,NO,YES,YES,NO,YES"	594
"ID12695,59,FEMALE,RURAL,30971.8,YES,3,YES,YES,YES,YES,NO"	595
"ID12696,61,FEMALE,INNER_CITY,47025,NO,2,YES,YES,YES,YES,NO"	596
"ID12697,30,FEMALE,INNER_CITY,9672.25,YES,0,YES,YES,YES,NO,NO"	597
"ID12698,31,FEMALE,TOWN,15976.3,YES,0,YES,YES,NO,NO,YES"	598
"ID12699,29,MALE,INNER_CITY,14711.8,YES,0,NO,YES,NO,YES,NO"	599
"ID12700,38,MALE,TOWN,26671.6,NO,0,YES,NO,YES,YES,YES"	600
